{
    "capabilities": {
        "audio": false,
        "bluetooth": false,
        "camera": false,
        "location": true,
        "microphone": false,
        "network": true,
        "storage": false
    },
    "deployment": {
        "android": {
            "packageName": ""
        },
        "ios": {
            "bundleId": "",
            "codeSignIdentity": ""
        },
        "macos": {
            "bundleId": "",
            "codeSignIdentity": ""
        },
        "winphone": {
            "packageDisplayName": ""
        }
    },
    "devicesTypes": [
        "desktop",
        "tablet",
        "phone"
    ],
    "display": {
        "desktop": {
            "fullScreen": false,
            "minimumHeight": 0,
            "minimumWidth": 0
        },
        "phone": {
            "landscape": true,
            "portrait": true,
            "showStatusBar": true
        },
        "tablet": {
            "landscape": true,
            "portrait": true,
            "showStatusBar": true
        }
    },
    "environment": {
    },
    "mainFile": "HelloWorld.qml",
    "projectFile": "HelloWorld.qmlproject",
    "properties": {
        "basemapServiceUrl": "http://server.arcgisonline.com/ArcGIS/rest/services/World_Street_Map/MapServer",
        "titleBackgroundColor": "#00b2ff",
        "titleTextColor": "#fefdfd"
    },
    "resources": {
        "appIcon": "../../../../Desktop/appicon.png",
        "launchImageBackground": "launchimage-background.png",
        "launchImageBackgroundColor": "#ffffff",
        "launchImageOverlay": "launchimage-overlay.png"
    },
    "type": "app",
    "urlScheme": "",
    "version": {
        "major": 1,
        "micro": 3
    }
}
