{
    "access": "public",
    "accessInformation": null,
    "appCategories": [
    ],
    "avgRating": 0,
    "banner": null,
    "categories": [
    ],
    "commentsEnabled": true,
    "created": 1488224439000,
    "culture": "en-au",
    "description": "\n<p style=' margin-top:0px; margin-bottom:0px; margin-left:0px; margin-right:0px; -qt-block-indent:0; text-indent:0px;'>Location based application utilizing the ArcGIS Runtime for QML API</p>",
    "documentation": null,
    "extent": [
    ],
    "guid": null,
    "id": "c8c6188cb3da4a558e4096798965aa3b",
    "industries": [
    ],
    "itemControl": "admin",
    "languages": [
    ],
    "largeThumbnail": null,
    "licenseInfo": null,
    "listed": false,
    "modified": 1488229886000,
    "name": "c8c6188cb3da4a558e4096798965aa3b.zip",
    "numComments": 3,
    "numRatings": 0,
    "numViews": 2,
    "owner": "epitman2",
    "ownerFolder": null,
    "properties": null,
    "protected": false,
    "proxyFilter": null,
    "screenshots": [
    ],
    "size": 42319,
    "snippet": "Location Determination",
    "spatialReference": null,
    "tags": [
    ],
    "thumbnail": "thumbnail/thumbnail.png",
    "title": "Pitman_FindLocation",
    "type": "Native Application",
    "typeKeywords": [
        "API_QML",
        "App",
        "Application",
        "AppStudio",
        "Configuration",
        "Native",
        "qml"
    ],
    "url": null
}
